<?xml version="1.0" encoding="UTF-8"?>
<!DOCTYPE configuration
  PUBLIC "-//mybatis.org//DTD Config 3.0//EN"
  "http://mybatis.org/dtd/mybatis-3-config.dtd">
<configuration>
	<typeAliases>
		<typeAlias alias="str" type="java.lang.String"/>
		<typeAlias alias="int" type="java.lang.Integer"/>
		<typeAlias alias="member" type="kr.or.funding.dto.MemberVO"/>
		<typeAlias alias="funding" type="kr.or.funding.dto.FundingVO"/>
		<typeAlias alias="community" type="kr.or.funding.dto.CommunityVO"/>
		<typeAlias alias="reply" type="kr.or.funding.dto.ReplyVO"/>
		<typeAlias alias="message" type="kr.or.funding.dto.MessageVO"/>
	</typeAliases>
</configuration>