<?xml version="1.0" encoding="UTF-8"?>
<beans xmlns="http://www.springframework.org/schema/beans"
	xmlns:xsi="http://www.w3.org/2001/XMLSchema-instance"
	xmlns:c="http://www.springframework.org/schema/c"
	xmlns:p="http://www.springframework.org/schema/p"
	xmlns:context="http://www.springframework.org/schema/context"
	xsi:schemaLocation="http://www.springframework.org/schema/beans http://www.springframework.org/schema/beans/spring-beans.xsd
		http://www.springframework.org/schema/context http://www.springframework.org/schema/context/spring-context-4.3.xsd">
	
	<bean id="memberDAO" class="kr.or.funding.dao.MemberDAOImpl"
		p:sqlSessionFactory-ref="sqlSession" />

	<bean id="memberService"
		class="kr.or.funding.service.MemberServiceImpl"
		p:memberDAO-ref="memberDAO" />

	<bean id="fundingDAO" class="kr.or.funding.dao.FundingDAOImpl"
		p:sqlSession-ref="sqlSession" />

	<bean id="fundingService"
		class="kr.or.funding.service.FundingServiceImpl"
		p:fundingDAO-ref="fundingDAO" />
	
	<!-- community -->	
	<bean id="communityDAO" class="kr.or.funding.dao.CommunityDAOImpl"
	p:sqlSession-ref="sqlSession" />	
	
	<bean id="communityService"
		class="kr.or.funding.service.CommunityServiceImpl"
		p:communityDAO-ref="communityDAO"/>
		
	<!--  reply -->
	<bean id="replyDAO" class="kr.or.funding.dao.ReplyDAOImpl"
	p:sqlSession-ref="sqlSession" />	
	
	<bean id="replyService"
		class="kr.or.funding.service.ReplyServiceImpl" 
		p:replyDAO-ref="replyDAO"/>
		
</beans>
