<?xml version="1.0" encoding="UTF-8"?>
<beans xmlns="http://www.springframework.org/schema/beans"
	xmlns:xsi="http://www.w3.org/2001/XMLSchema-instance"
	xmlns:c="http://www.springframework.org/schema/c"
	xmlns:p="http://www.springframework.org/schema/p"
	xmlns:context="http://www.springframework.org/schema/context"
	xsi:schemaLocation="http://www.springframework.org/schema/beans http://www.springframework.org/schema/beans/spring-beans.xsd
	http://www.springframework.org/schema/context http://www.springframework.org/schema/context/spring-context-4.3.xsd">


	<bean id="dataSource"
		class="org.apache.commons.dbcp2.BasicDataSource"
		p:driverClassName="oracle.jdbc.driver.OracleDriver"
		p:url="jdbc:oracle:thin:@112.220.114.130:1521:XE"
		p:username="team2_202006m"
		p:password="java"
	/>
	<bean id="dataSourceSpied"
		class="net.sf.log4jdbc.Log4jdbcProxyDataSource">
		<constructor-arg ref="dataSource"></constructor-arg>
		<property name="logFormatter">
			<bean class="net.sf.log4jdbc.tools.Log4JdbcCustomFormatter">
				<property name="loggingType" value="MULTI_LINE"></property>
				<property name="sqlPrefix" value="SQL:::"></property>
			</bean>
		</property>	
	</bean>
	
	<bean id="transactionManager"
		class="org.springframework.jdbc.datasource.DataSourceTransactionManager"
		p:dataSource-ref="dataSourceSpied"/>
	
	<bean id="sqlSessionFactory"
		class="org.mybatis.spring.SqlSessionFactoryBean"
		p:dataSource-ref="dataSourceSpied"
		p:configLocation="classpath:kr/or/funding/mybatis/sqlConfig/sqlConfig.xml"
		p:mapperLocations="classpath:kr/or/funding/mybatis/mappers/*-Mapper.xml"/>

	<bean id="sqlSession"
		class="org.mybatis.spring.SqlSessionTemplate"
		c:sqlSessionFactory-ref="sqlSessionFactory"/>		
</beans>
