<?xml version="1.0" encoding="UTF-8"?>
<!DOCTYPE mapper
  PUBLIC "-//mybatis.org//DTD Mapper 3.0//EN"
  "http://mybatis.org/dtd/mybatis-3-mapper.dtd">

<mapper namespace="Message-Mapper">

	
	<select id="selectSendList" parameterType="str" resultType="message">
		select
		* 
		from f_message
		where mno is not null
		and sender = #{sender}
		order by regdate desc 
	</select>
	<select id="selectRecevieList" parameterType="str" resultType="message">
		select
		* 
		from f_message
		where mno is not null
		and receiver = #{receiver}
		order by regdate desc 
	</select>
	
	<select id="messageAllCount" resultType="int">
		select
		count(*) 
		from f_message
		where mno is not null
	</select>
	<select id="messageNoReadCount" parameterType="str" resultType="int">
		select
		count(*) 
		from f_message
		where mno is not null
		and receiver = #{receiver}
	</select>
	
	<select id="selectMessageSequenceNextValue" resultType="int">
		select mno_seq.nextVal
		from dual
	</select>
	
	
	<update id="insertMessage" parameterType="message">
		insert into 
		f_message
		values(#{mno},#{receiver}, #{sender}, #{mcontent}, 'no_read', sysdate)
	</update>	
	
	<update id="deleteReply" parameterType="int" >
		delete 
		from f_message
		where mno=#{mno}		
	</update>
	
	

</mapper>